,Filename,Distance
0,image_0001.jpg,0.0
1,image_0773.jpg,190.13992491162105
2,image_1316.jpg,190.2249241130487
3,image_0740.jpg,190.62783760197846
4,image_1078.jpg,191.69055452774253
5,image_0319.jpg,191.8753821638015
